{
  "properties": [
    {
      "name": "app.api.key",
      "type": "java.lang.String",
      "description": "API key for dummy authentication (used in ApiKeyAuthFilter)",
      "defaultValue": "YOUR_DUMMY_API_KEY_12345",
      "sourceType": "com.skillshare.learningplatform.security.ApiKeyAuthFilter"
    },
    {
      "name": "app.jwt.expiration",
      "type": "java.lang.Long",
      "description": "JWT token expiration time in milliseconds",
      "defaultValue": "86400000",
      "sourceType": "com.skillshare.learningplatform.security.JwtTokenProvider"
    },
    {
      "name": "app.jwt.secret",
      "type": "java.lang.String",
      "description": "Secret key for JWT token signing (should be long and secure)",
      "defaultValue": "your_jwt_secret_key_here_make_it_long_and_secure_in_production",
      "sourceType": "com.skillshare.learningplatform.security.JwtTokenProvider"
    }
  ],
  "hints": [
    {
      "name": "app.jwt.secret",
      "values": [
        {
          "value": "generate-strong-secret",
          "description": "Use a cryptographically strong random string (min 64 chars)"
        }
      ]
    }
  ]
}